site_id,name,country,region,admin,lat,lon,cultivar_class,cultivar,media,structure,cover,habit,outcome,source,geocode_precision,notes
us-fl-alachua,Alachua / Windsor belt,US,US-SE,Florida,29.65,-82.33,low_chill_shb,emerald,pine_bark,open,none,deciduous,commercial_success,UF/IFAS + NASS blueberry counties,town,North-central deciduous core.
us-fl-waldo,Waldo,US,US-SE,Florida,29.79,-82.17,low_chill_shb,emerald,pine_bark,open,none,deciduous,commercial_success,UF/IFAS production belt,town,
us-fl-hawthorne,Hawthorne,US,US-SE,Florida,29.59,-82.08,low_chill_shb,jewel,pine_bark,open,none,deciduous,commercial_success,UF/IFAS production belt,town,
us-fl-melrose,Melrose,US,US-SE,Florida,29.71,-82.05,low_chill_shb,emerald,pine_bark,open,none,deciduous,commercial_success,UF/IFAS production belt,town,
us-fl-earleton,Earleton,US,US-SE,Florida,29.72,-82.1,low_chill_shb,emerald,pine_bark,open,none,deciduous,commercial_success,UF/IFAS production belt,town,
us-fl-interlachen,Interlachen,US,US-SE,Florida,29.62,-81.89,low_chill_shb,jewel,pine_bark,open,none,deciduous,commercial_success,Putnam County,town,
us-fl-palatka,Palatka / Putnam Hall,US,US-SE,Florida,29.65,-81.66,low_chill_shb,emerald,pine_bark,open,none,deciduous,commercial_success,FAWN Putnam Hall,town,
us-fl-citra,Citra PSREU,US,US-SE,Florida,29.41,-82.17,low_chill_shb,emerald,pine_bark,open,none,deciduous,commercial_success,UF PSREU,farm,Research plus commercial belt.
us-fl-ocala,Ocala north,US,US-SE,Florida,29.19,-82.14,high_chill_shb,star,pine_bark,open,none,deciduous,commercial_success,UF Star range,town,
us-fl-south-ocala,South of Ocala,US,US-SE,Florida,28.95,-82.12,high_chill_shb,star,pine_bark,open,none,deciduous,known_failure,UF: Star fails south of Ocala,town,
us-fl-floral-city,Floral City,US,US-SE,Florida,28.75,-82.3,low_chill_shb,snowchaser,pine_bark,open,none,deciduous,commercial_caution,Citrus County early SHB,town,Freeze magnet.
us-fl-brooksville,Brooksville,US,US-SE,Florida,28.56,-82.39,evergreen_zero_chill,snowchaser_evergreen,pine_bark,open,none,evergreen,commercial_success,Hernando evergreen,town,
us-fl-plant-city,Plant City,US,US-SE,Florida,28.02,-82.11,evergreen_zero_chill,avanti,pine_bark,open,none,evergreen,commercial_success,Hillsborough,town,
us-fl-polk,Polk / Lake Alfred,US,US-SE,Florida,28.09,-81.73,evergreen_zero_chill,avanti,pine_bark,open,none,evergreen,commercial_success,CREC / FAWN Lake Alfred,town,
us-fl-haines-city,Haines City,US,US-SE,Florida,28.11,-81.62,evergreen_zero_chill,kestrel,pine_bark,open,none,evergreen,commercial_success,Polk,town,
us-fl-lake-wales,Lake Wales,US,US-SE,Florida,27.9,-81.59,evergreen_zero_chill,avanti,pine_bark,open,none,evergreen,commercial_success,Polk,town,
us-fl-sebring,Sebring / Highlands,US,US-SE,Florida,27.5,-81.44,evergreen_zero_chill,snowchaser_evergreen,pine_bark,open,none,evergreen,commercial_success,FAWN Sebring,town,
us-fl-lake-placid,Lake Placid,US,US-SE,Florida,27.29,-81.36,evergreen_zero_chill,kestrel,pine_bark,open,none,evergreen,commercial_success,Highlands,town,
us-fl-wauchula,Wauchula,US,US-SE,Florida,27.55,-81.81,evergreen_zero_chill,avanti,pine_bark,open,none,evergreen,commercial_success,Hardee,town,
us-fl-avon-park,Avon Park,US,US-SE,Florida,27.6,-81.51,evergreen_zero_chill,snowchaser_evergreen,pine_bark,open,none,evergreen,commercial_success,Highlands,town,
us-fl-clermont,Clermont,US,US-SE,Florida,28.55,-81.76,low_chill_shb,snowchaser,pine_bark,open,none,deciduous,commercial_caution,Lake County,town,Early bloom freeze.
us-fl-umatilla,Umatilla,US,US-SE,Florida,28.93,-81.67,low_chill_shb,emerald,pine_bark,open,none,deciduous,commercial_success,Lake/Marion edge,town,
us-fl-pierson,Pierson,US,US-SE,Florida,29.24,-81.46,low_chill_shb,emerald,pine_bark,open,none,deciduous,commercial_success,Volusia,town,
us-fl-hastings,Hastings,US,US-SE,Florida,29.72,-81.51,low_chill_shb,star,pine_bark,open,none,deciduous,commercial_caution,St Johns,town,"Potato/hort belt, limited blueberry."
us-fl-live-oak,Live Oak,US,US-SE,Florida,30.29,-82.98,high_chill_shb,star,pine_bark,open,none,deciduous,commercial_success,Suwannee,town,
us-ga-alma,Alma,US,US-SE,Georgia,31.54,-82.46,rabbiteye,brightwell,open_soil,open,none,deciduous,commercial_success,"Bacon County, US rabbiteye core",town,
us-ga-baxley,Baxley,US,US-SE,Georgia,31.78,-82.35,rabbiteye,tifblue,open_soil,open,none,deciduous,commercial_success,Appling,town,
us-ga-blackshear,Blackshear,US,US-SE,Georgia,31.3,-82.24,rabbiteye,brightwell,open_soil,open,none,deciduous,commercial_success,Pierce,town,
us-ga-waycross,Waycross,US,US-SE,Georgia,31.21,-82.35,rabbiteye,climax,open_soil,open,none,deciduous,commercial_success,Ware,town,
us-ga-homerville,Homerville,US,US-SE,Georgia,31.04,-82.75,rabbiteye,brightwell,open_soil,open,none,deciduous,commercial_success,Clinch,town,
us-ga-douglas,Douglas,US,US-SE,Georgia,31.51,-82.85,rabbiteye,ochlockonee,open_soil,open,none,deciduous,commercial_success,Coffee,town,
us-ga-pearson,Pearson,US,US-SE,Georgia,31.3,-82.85,rabbiteye,brightwell,open_soil,open,none,deciduous,commercial_success,Atkinson,town,
us-ga-nicholls,Nicholls,US,US-SE,Georgia,31.52,-82.64,rabbiteye,tifblue,open_soil,open,none,deciduous,commercial_success,Coffee,town,
us-ga-ocilla,Ocilla,US,US-SE,Georgia,31.59,-83.25,rabbiteye,brightwell,open_soil,open,none,deciduous,commercial_success,Irwin,town,
us-ga-fitzgerald,Fitzgerald,US,US-SE,Georgia,31.71,-83.25,rabbiteye,ochlockonee,open_soil,open,none,deciduous,commercial_success,Ben Hill,town,
us-ga-tifton,Tifton,US,US-SE,Georgia,31.45,-83.51,rabbiteye,brightwell,open_soil,open,none,deciduous,commercial_success,UGA Tifton,town,
us-ga-nashville,Nashville GA,US,US-SE,Georgia,31.21,-83.25,rabbiteye,climax,open_soil,open,none,deciduous,commercial_success,Berrien,town,
us-ga-lakeland,Lakeland GA,US,US-SE,Georgia,31.04,-83.07,rabbiteye,brightwell,open_soil,open,none,deciduous,commercial_success,Lanier,town,
us-ga-valdosta,Valdosta,US,US-SE,Georgia,30.83,-83.28,high_chill_shb,rebel,open_soil,open,none,deciduous,commercial_success,Lowndes SHB,town,
us-ga-statesboro,Statesboro,US,US-SE,Georgia,32.45,-81.78,rabbiteye,tifblue,open_soil,open,none,deciduous,commercial_success,Bulloch,town,
us-ga-vidalia,Vidalia,US,US-SE,Georgia,32.22,-82.41,rabbiteye,brightwell,open_soil,open,none,deciduous,commercial_success,Toombs,town,
us-ga-alapaha,Alapaha,US,US-SE,Georgia,31.38,-83.22,high_chill_shb,suziblue,open_soil,open,none,deciduous,commercial_success,Berrien SHB,town,
us-ga-broxton,Broxton,US,US-SE,Georgia,31.63,-82.89,rabbiteye,ochlockonee,open_soil,open,none,deciduous,commercial_success,Coffee,town,
us-ga-jesup,Jesup,US,US-SE,Georgia,31.61,-81.88,rabbiteye,brightwell,open_soil,open,none,deciduous,commercial_success,Wayne,town,
us-ga-douglas-shb,Douglas SHB,US,US-SE,Georgia,31.48,-82.83,high_chill_shb,rebel,open_soil,open,none,deciduous,commercial_success,Coffee SHB plantings,town,
us-nc-burgaw,Burgaw,US,US-SE,North Carolina,34.55,-77.92,high_chill_shb,legacy,open_soil,open,none,deciduous,commercial_success,"Pender, NC blueberry belt",town,
us-nc-ivanhoe,Ivanhoe,US,US-SE,North Carolina,34.58,-78.25,rabbiteye,tifblue,open_soil,open,none,deciduous,commercial_success,Sampson/Bladen edge,town,
us-nc-atkinson,Atkinson,US,US-SE,North Carolina,34.53,-78.17,high_chill_shb,legacy,open_soil,open,none,deciduous,commercial_success,Pender,town,
us-nc-white-lake,White Lake,US,US-SE,North Carolina,34.64,-78.49,rabbiteye,brightwell,open_soil,open,none,deciduous,commercial_success,Bladen,town,
us-nc-elizabethtown,Elizabethtown,US,US-SE,North Carolina,34.63,-78.61,rabbiteye,ochlockonee,open_soil,open,none,deciduous,commercial_success,Bladen,town,
us-nc-bladenboro,Bladenboro,US,US-SE,North Carolina,34.54,-78.79,rabbiteye,tifblue,open_soil,open,none,deciduous,commercial_success,Bladen,town,
us-nc-clarkton,Clarkton,US,US-SE,North Carolina,34.49,-78.66,high_chill_shb,legacy,open_soil,open,none,deciduous,commercial_success,Bladen,town,
us-nc-garland,Garland,US,US-SE,North Carolina,34.79,-78.43,rabbiteye,brightwell,open_soil,open,none,deciduous,commercial_success,Sampson,town,
us-nc-clinton,Clinton NC,US,US-SE,North Carolina,35.0,-78.32,rabbiteye,tifblue,open_soil,open,none,deciduous,commercial_success,Sampson,town,
us-nc-magnolia,Magnolia,US,US-SE,North Carolina,34.9,-78.05,high_chill_shb,legacy,open_soil,open,none,deciduous,commercial_success,Duplin,town,
us-nc-rose-hill,Rose Hill,US,US-SE,North Carolina,34.82,-78.02,rabbiteye,brightwell,open_soil,open,none,deciduous,commercial_success,Duplin,town,
us-nc-wallace,Wallace,US,US-SE,North Carolina,34.74,-77.99,high_chill_shb,legacy,open_soil,open,none,deciduous,commercial_success,Duplin,town,
us-nc-kenansville,Kenansville,US,US-SE,North Carolina,34.96,-77.96,rabbiteye,ochlockonee,open_soil,open,none,deciduous,commercial_success,Duplin,town,
us-nc-warsaw,Warsaw,US,US-SE,North Carolina,35.0,-78.09,rabbiteye,tifblue,open_soil,open,none,deciduous,commercial_success,Duplin,town,
us-nc-faison,Faison,US,US-SE,North Carolina,35.12,-78.14,high_chill_shb,star,open_soil,open,none,deciduous,commercial_success,Duplin,town,
us-nc-burgundy,Ivanhoe south,US,US-SE,North Carolina,34.52,-78.28,nhb,legacy,open_soil,open,none,deciduous,commercial_caution,Northern cultivars at NC latitude,town,
us-nc-whiteville,Whiteville,US,US-SE,North Carolina,34.34,-78.7,rabbiteye,brightwell,open_soil,open,none,deciduous,commercial_success,Columbus,town,
us-nc-tabor,Tabor City,US,US-SE,North Carolina,34.15,-78.88,rabbiteye,climax,open_soil,open,none,deciduous,commercial_success,Columbus,town,
us-sc-loris,Loris,US,US-SE,South Carolina,34.06,-78.89,rabbiteye,brightwell,open_soil,open,none,deciduous,commercial_success,Horry,town,
us-sc-conway,Conway,US,US-SE,South Carolina,33.84,-79.05,rabbiteye,tifblue,open_soil,open,none,deciduous,commercial_success,Horry,town,
us-sc-hemingway,Hemingway,US,US-SE,South Carolina,33.75,-79.45,rabbiteye,ochlockonee,open_soil,open,none,deciduous,commercial_success,Williamsburg,town,
us-sc-johnsonville,Johnsonville,US,US-SE,South Carolina,33.82,-79.45,rabbiteye,brightwell,open_soil,open,none,deciduous,commercial_success,Florence,town,
us-sc-lake-city,Lake City SC,US,US-SE,South Carolina,33.87,-79.75,rabbiteye,tifblue,open_soil,open,none,deciduous,commercial_success,Florence,town,
us-sc-moncks,Moncks Corner,US,US-SE,South Carolina,33.2,-80.01,rabbiteye,climax,open_soil,open,none,deciduous,commercial_success,Berkeley,town,
us-al-fairhope,Fairhope,US,US-SE,Alabama,30.52,-87.9,rabbiteye,brightwell,open_soil,open,none,deciduous,commercial_success,Baldwin,town,
us-al-foley,Foley,US,US-SE,Alabama,30.41,-87.68,low_chill_shb,biloxi,open_soil,open,none,deciduous,commercial_success,Baldwin Gulf,town,
us-ms-poplarville,Poplarville,US,US-SE,Mississippi,30.84,-89.53,rabbiteye,tifblue,open_soil,open,none,deciduous,commercial_success,USDA Poplarville,town,
us-ms-wiggins,Wiggins,US,US-SE,Mississippi,30.86,-89.14,rabbiteye,brightwell,open_soil,open,none,deciduous,commercial_success,Stone,town,
us-ms-hattiesburg,Hattiesburg,US,US-SE,Mississippi,31.33,-89.29,rabbiteye,ochlockonee,open_soil,open,none,deciduous,commercial_success,Forrest,town,
us-ar-springdale,Springdale,US,US-SE,Arkansas,36.19,-94.13,nhb,duke,open_soil,open,none,deciduous,commercial_caution,Limited Ozark plantings,town,
us-mi-grand-junction,Grand Junction,US,US-MI,Michigan,42.4,-86.08,nhb,duke,open_soil,open,none,deciduous,commercial_success,"Van Buren, US NHB core",town,
us-mi-south-haven,South Haven,US,US-MI,Michigan,42.4,-86.27,nhb,bluecrop,open_soil,open,none,deciduous,commercial_success,Van Buren,town,
us-mi-covert,Covert,US,US-MI,Michigan,42.29,-86.26,nhb,draper,open_soil,open,none,deciduous,commercial_success,Van Buren,town,
us-mi-bangor,Bangor MI,US,US-MI,Michigan,42.31,-86.11,nhb,elliott,open_soil,open,none,deciduous,commercial_success,Van Buren,town,
us-mi-hartford,Hartford,US,US-MI,Michigan,42.21,-86.17,nhb,duke,open_soil,open,none,deciduous,commercial_success,Van Buren,town,
us-mi-watervliet,Watervliet,US,US-MI,Michigan,42.19,-86.26,nhb,bluecrop,open_soil,open,none,deciduous,commercial_success,Berrien,town,
us-mi-coloma,Coloma,US,US-MI,Michigan,42.19,-86.31,nhb,draper,open_soil,open,none,deciduous,commercial_success,Berrien,town,
us-mi-benton-harbor,Benton Harbor,US,US-MI,Michigan,42.12,-86.45,nhb,duke,open_soil,open,none,deciduous,commercial_success,Berrien,town,
us-mi-holland,Holland,US,US-MI,Michigan,42.79,-86.11,nhb,aurora,open_soil,open,none,deciduous,commercial_success,Ottawa,town,
us-mi-west-olive,West Olive,US,US-MI,Michigan,42.92,-86.14,nhb,elliott,open_soil,open,none,deciduous,commercial_success,Ottawa,town,
us-mi-fennville,Fennville,US,US-MI,Michigan,42.59,-86.1,nhb,bluecrop,open_soil,open,none,deciduous,commercial_success,Allegan,town,
us-mi-saugatuck,Saugatuck,US,US-MI,Michigan,42.65,-86.2,nhb,duke,open_soil,open,none,deciduous,commercial_success,Allegan,town,
us-mi-pullman,Pullman,US,US-MI,Michigan,42.48,-86.09,nhb,draper,open_soil,open,none,deciduous,commercial_success,Allegan,town,
us-mi-bloomingdale,Bloomingdale,US,US-MI,Michigan,42.38,-85.96,nhb,legacy,open_soil,open,none,deciduous,commercial_caution,"Inland, fruit-bud winter kill risk",town,
us-mi-gobles,Gobles,US,US-MI,Michigan,42.36,-85.88,nhb,draper,open_soil,open,none,deciduous,commercial_caution,Inland Michigan,town,
us-mi-lawton,Lawton,US,US-MI,Michigan,42.17,-85.85,nhb,bluecrop,open_soil,open,none,deciduous,commercial_success,Van Buren inland,town,
us-mi-paw-paw,Paw Paw,US,US-MI,Michigan,42.22,-85.89,nhb,duke,open_soil,open,none,deciduous,commercial_success,Van Buren,town,
us-mi-dowagiac,Dowagiac,US,US-MI,Michigan,41.98,-86.11,nhb,elliott,open_soil,open,none,deciduous,commercial_success,Cass,town,
us-mi-niles,Niles,US,US-MI,Michigan,41.83,-86.25,nhb,bluecrop,open_soil,open,none,deciduous,commercial_success,Berrien/Cass,town,
us-mi-berrien-springs,Berrien Springs,US,US-MI,Michigan,41.95,-86.34,nhb,duke,open_soil,open,none,deciduous,commercial_success,Berrien,town,
us-mi-allegan,Allegan,US,US-MI,Michigan,42.53,-85.86,nhb,aurora,open_soil,open,none,deciduous,commercial_caution,Inland,town,
us-mi-inland-legacy,Inland Allegan Legacy,US,US-MI,Michigan,42.55,-85.7,high_chill_shb,legacy,open_soil,open,none,deciduous,known_failure,Inland Michigan winter kills Legacy fruit buds,town,
us-or-corvallis,Corvallis,US,US-PNW,Oregon,44.56,-123.26,nhb,duke,open_soil,open,none,deciduous,commercial_success,OSU / Willamette,town,
us-or-albany,Albany,US,US-PNW,Oregon,44.64,-123.11,nhb,draper,open_soil,open,none,deciduous,commercial_success,Linn,town,
us-or-salem,Salem,US,US-PNW,Oregon,44.94,-123.04,nhb,bluecrop,open_soil,open,none,deciduous,commercial_success,Marion,town,
us-or-woodburn,Woodburn,US,US-PNW,Oregon,45.14,-122.86,nhb,duke,open_soil,open,none,deciduous,commercial_success,Marion,town,
us-or-hubbard,Hubbard,US,US-PNW,Oregon,45.18,-122.81,nhb,elliott,open_soil,open,none,deciduous,commercial_success,Marion,town,
us-or-canby,Canby,US,US-PNW,Oregon,45.26,-122.69,nhb,draper,open_soil,open,none,deciduous,commercial_success,Clackamas,town,
us-or-molalla,Molalla,US,US-PNW,Oregon,45.15,-122.58,nhb,aurora,open_soil,open,none,deciduous,commercial_success,Clackamas,town,
us-or-silverton,Silverton,US,US-PNW,Oregon,45.01,-122.78,nhb,bluecrop,open_soil,open,none,deciduous,commercial_success,Marion,town,
us-or-lebanon,Lebanon,US,US-PNW,Oregon,44.54,-122.91,nhb,duke,open_soil,open,none,deciduous,commercial_success,Linn,town,
us-or-junction-city,Junction City,US,US-PNW,Oregon,44.22,-123.2,nhb,draper,open_soil,open,none,deciduous,commercial_success,Lane,town,
us-or-eugene,Eugene,US,US-PNW,Oregon,44.05,-123.09,nhb,bluecrop,open_soil,open,none,deciduous,commercial_success,Lane,town,
us-or-harrisburg,Harrisburg,US,US-PNW,Oregon,44.27,-123.17,nhb,legacy,open_soil,open,none,deciduous,commercial_success,"Linn, hybrid exception",town,
us-or-independence,Independence,US,US-PNW,Oregon,44.85,-123.19,nhb,duke,open_soil,open,none,deciduous,commercial_success,Polk,town,
us-or-mcminnville,McMinnville,US,US-PNW,Oregon,45.21,-123.2,nhb,elliott,open_soil,open,none,deciduous,commercial_success,Yamhill,town,
us-or-newberg,Newberg,US,US-PNW,Oregon,45.3,-122.97,nhb,draper,open_soil,open,none,deciduous,commercial_success,Yamhill,town,
us-or-hillsboro,Hillsboro,US,US-PNW,Oregon,45.52,-122.99,nhb,aurora,open_soil,open,none,deciduous,commercial_success,Washington,town,
us-or-forest-grove,Forest Grove,US,US-PNW,Oregon,45.52,-123.11,nhb,bluecrop,open_soil,open,none,deciduous,commercial_success,Washington,town,
us-or-sherwood,Sherwood,US,US-PNW,Oregon,45.36,-122.84,nhb,duke,open_soil,open,none,deciduous,commercial_success,Washington,town,
us-or-willamette-emerald,Willamette Emerald,US,US-PNW,Oregon,44.7,-123.1,low_chill_shb,emerald,open_soil,open,none,deciduous,known_failure,OSU: do not plant Emerald in the Willamette,town,
us-or-willamette-biloxi,Willamette Biloxi,US,US-PNW,Oregon,44.85,-123.05,low_chill_shb,biloxi,open_soil,open,none,deciduous,known_failure,OSU: do not plant Biloxi in the Willamette,town,
us-or-willamette-snowchaser,Willamette Snowchaser,US,US-PNW,Oregon,45.0,-122.9,low_chill_shb,snowchaser,open_soil,open,none,deciduous,known_failure,OSU: do not plant Snowchaser in the Willamette,town,
us-wa-lynden,Lynden,US,US-PNW,Washington,48.95,-122.45,nhb,duke,open_soil,open,none,deciduous,commercial_success,"Whatcom, largest WA district",town,
us-wa-ferndale,Ferndale,US,US-PNW,Washington,48.85,-122.59,nhb,draper,open_soil,open,none,deciduous,commercial_success,Whatcom,town,
us-wa-everson,Everson,US,US-PNW,Washington,48.92,-122.34,nhb,bluecrop,open_soil,open,none,deciduous,commercial_success,Whatcom,town,
us-wa-sumas,Sumas,US,US-PNW,Washington,48.99,-122.26,nhb,elliott,open_soil,open,none,deciduous,commercial_success,Whatcom,town,
us-wa-blaine,Blaine,US,US-PNW,Washington,48.99,-122.75,nhb,aurora,open_soil,open,none,deciduous,commercial_success,Whatcom,town,
us-wa-mount-vernon,Mount Vernon,US,US-PNW,Washington,48.42,-122.33,nhb,duke,open_soil,open,none,deciduous,commercial_success,Skagit,town,
us-wa-burlington,Burlington,US,US-PNW,Washington,48.48,-122.33,nhb,draper,open_soil,open,none,deciduous,commercial_success,Skagit,town,
us-wa-sedro,Sedro-Woolley,US,US-PNW,Washington,48.5,-122.24,nhb,bluecrop,open_soil,open,none,deciduous,commercial_success,Skagit,town,
us-wa-bow,Bow,US,US-PNW,Washington,48.56,-122.4,nhb,elliott,open_soil,open,none,deciduous,commercial_success,Skagit,town,
us-wa-conway,Conway,US,US-PNW,Washington,48.34,-122.34,nhb,duke,open_soil,open,none,deciduous,commercial_success,Skagit,town,
ca-bc-abbotsford,Abbotsford,CA,CA-BC,British Columbia,49.05,-122.29,nhb,duke,open_soil,open,none,deciduous,commercial_success,Fraser Valley,town,
ca-bc-pitt-meadows,Pitt Meadows,CA,CA-BC,British Columbia,49.23,-122.69,nhb,draper,open_soil,open,none,deciduous,commercial_success,Metro Vancouver,town,
ca-bc-maple-ridge,Maple Ridge,CA,CA-BC,British Columbia,49.22,-122.6,nhb,bluecrop,open_soil,open,none,deciduous,commercial_success,Fraser,town,
ca-bc-mission,Mission,CA,CA-BC,British Columbia,49.13,-122.31,nhb,elliott,open_soil,open,none,deciduous,commercial_success,Fraser,town,
ca-bc-chilliwack,Chilliwack,CA,CA-BC,British Columbia,49.17,-121.95,nhb,duke,open_soil,open,none,deciduous,commercial_success,Fraser,town,
ca-bc-langley,Langley,CA,CA-BC,British Columbia,49.1,-122.66,nhb,draper,open_soil,open,none,deciduous,commercial_success,Fraser,town,
ca-bc-surrey,Surrey,CA,CA-BC,British Columbia,49.1,-122.8,nhb,bluecrop,open_soil,open,none,deciduous,commercial_success,Fraser,town,
ca-bc-richmond,Richmond,CA,CA-BC,British Columbia,49.17,-123.14,nhb,aurora,open_soil,open,none,deciduous,commercial_caution,"Urban edge, peat soils",town,
ca-bc-delta,Delta,CA,CA-BC,British Columbia,49.08,-123.06,nhb,duke,open_soil,open,none,deciduous,commercial_success,Fraser delta,town,
ca-bc-aldergrove,Aldergrove,CA,CA-BC,British Columbia,49.06,-122.47,nhb,draper,open_soil,open,none,deciduous,commercial_success,Langley township,town,
ca-bc-agassiz,Agassiz,CA,CA-BC,British Columbia,49.24,-121.77,nhb,elliott,open_soil,open,none,deciduous,commercial_success,Fraser east,town,
ca-bc-matsqui,Matsqui,CA,CA-BC,British Columbia,49.08,-122.3,nhb,bluecrop,open_soil,open,none,deciduous,commercial_success,Abbotsford,town,
cl-osorno,Osorno,CL,CL-SOUTH,Los Lagos,-40.57,-73.15,high_chill_shb,legacy,open_soil,open,net,deciduous,commercial_success,ODEPA / Chile largest Legacy belt,town,
cl-la-union,La Unión,CL,CL-SOUTH,Los Ríos,-40.29,-73.08,high_chill_shb,legacy,open_soil,open,net,deciduous,commercial_success,ODEPA,town,
cl-rio-bueno,Río Bueno,CL,CL-SOUTH,Los Ríos,-40.33,-72.96,high_chill_shb,legacy,open_soil,open,woven,deciduous,commercial_success,Matamala cover region,town,
cl-lanco,Lanco,CL,CL-SOUTH,Los Ríos,-39.45,-72.78,high_chill_shb,top_shelf,open_soil,open,net,deciduous,commercial_success,Los Ríos,town,
cl-valdivia,Valdivia hinterland,CL,CL-SOUTH,Los Ríos,-39.82,-73.05,high_chill_shb,legacy,open_soil,open,net,deciduous,commercial_success,Los Ríos,town,
cl-paillaco,Paillaco,CL,CL-SOUTH,Los Ríos,-40.07,-72.87,high_chill_shb,legacy,open_soil,open,none,deciduous,commercial_success,Los Ríos,town,
cl-purranque,Purranque,CL,CL-SOUTH,Los Lagos,-40.92,-73.16,high_chill_shb,legacy,open_soil,open,net,deciduous,commercial_success,Osorno south,town,
cl-frutillar,Frutillar,CL,CL-SOUTH,Los Lagos,-41.12,-73.06,nhb,duke,open_soil,open,net,deciduous,commercial_success,Llanquihue,town,
cl-puerto-varas,Puerto Varas,CL,CL-SOUTH,Los Lagos,-41.32,-72.99,nhb,draper,open_soil,open,net,deciduous,commercial_success,Llanquihue,town,
cl-llanquihue,Llanquihue,CL,CL-SOUTH,Los Lagos,-41.26,-73.01,high_chill_shb,legacy,open_soil,open,woven,deciduous,commercial_success,Matamala-type covers,town,
cl-puerto-montt,Puerto Montt hinterland,CL,CL-SOUTH,Los Lagos,-41.47,-72.94,nhb,bluecrop,open_soil,open,net,deciduous,commercial_caution,"Cool, wet, late",town,
cl-temuco,Temuco,CL,CL-SOUTH,Araucanía,-38.74,-72.6,high_chill_shb,legacy,open_soil,open,none,deciduous,commercial_caution,González-Villagra chamber heat work,town,
cl-villarrica,Villarrica,CL,CL-SOUTH,Araucanía,-39.28,-72.23,high_chill_shb,legacy,open_soil,open,net,deciduous,commercial_success,Araucanía lakes,town,
cl-angol,Angol,CL,CL-SOUTH,Araucanía,-37.8,-72.71,high_chill_shb,legacy,open_soil,open,none,deciduous,commercial_success,Malleco,town,
cl-los-angeles,Los Ángeles,CL,CL-SOUTH,Biobío,-37.47,-72.35,high_chill_shb,legacy,open_soil,open,net,deciduous,commercial_success,Biobío,town,
cl-chillan,Chillán,CL,CL-CENTRAL,Ñuble,-36.61,-72.1,high_chill_shb,legacy,open_soil,open,none,deciduous,commercial_success,Ñuble,town,
cl-linares,Linares,CL,CL-CENTRAL,Maule,-35.85,-71.6,high_chill_shb,top_shelf,open_soil,open,net,deciduous,commercial_success,Maule,town,
cl-cauquenes,Cauquenes,CL,CL-CENTRAL,Maule,-35.97,-72.32,high_chill_shb,legacy,open_soil,open,none,deciduous,commercial_caution,"Warmer, drier Maule",town,
cl-curico,Curicó,CL,CL-CENTRAL,Maule,-34.98,-71.24,high_chill_shb,legacy,open_soil,open,none,deciduous,commercial_caution,North of core belt,town,
cl-san-fernando,San Fernando,CL,CL-CENTRAL,O'Higgins,-34.59,-70.99,high_chill_shb,legacy,open_soil,open,none,deciduous,commercial_caution,North limit,town,
cl-constitucion,Constitución hinterland,CL,CL-CENTRAL,Maule,-35.33,-72.41,nhb,duke,open_soil,open,net,deciduous,commercial_caution,Coastal fog / cool,town,
cl-rio-negro,Río Negro,CL,CL-SOUTH,Los Lagos,-40.8,-73.22,high_chill_shb,legacy,open_soil,open,woven,deciduous,commercial_success,Osorno,town,
cl-san-pablo,San Pablo,CL,CL-SOUTH,Los Lagos,-40.41,-73.01,high_chill_shb,legacy,open_soil,open,net,deciduous,commercial_success,Osorno,town,
cl-panguipulli,Panguipulli,CL,CL-SOUTH,Los Ríos,-39.64,-72.33,nhb,draper,open_soil,open,net,deciduous,commercial_success,Lakes,town,
cl-la-union-topshelf,La Unión Top Shelf,CL,CL-SOUTH,Los Ríos,-40.27,-73.1,high_chill_shb,top_shelf,open_soil,open,woven,deciduous,commercial_success,Matamala 2023 covers,town,
pe-olmos,Olmos,PE,PE-NORTH,Lambayeque,-6.0,-79.75,evergreen_zero_chill,biloxi_evergreen,substrate,open,net,evergreen,commercial_success,MIDAGRI / Hortifrut-class Olmos,town,
pe-motupe,Motupe,PE,PE-NORTH,Lambayeque,-6.15,-79.71,evergreen_zero_chill,biloxi_evergreen,substrate,open,net,evergreen,commercial_success,Lambayeque,town,
pe-jayanca,Jayanca,PE,PE-NORTH,Lambayeque,-6.39,-79.82,evergreen_zero_chill,biloxi_evergreen,substrate,open,net,evergreen,commercial_success,Lambayeque,town,
pe-ferrenafe,Ferreñafe,PE,PE-NORTH,Lambayeque,-6.64,-79.79,evergreen_zero_chill,ventura,substrate,open,net,evergreen,commercial_caution,Ventura heat flowering fail 2023/24,town,
pe-chiclayo,Chiclayo hinterland,PE,PE-NORTH,Lambayeque,-6.77,-79.84,evergreen_zero_chill,biloxi_evergreen,substrate,open,net,evergreen,commercial_success,Lambayeque,town,
pe-trujillo,Trujillo / Chao,PE,PE-NORTH,La Libertad,-8.17,-78.99,evergreen_zero_chill,biloxi_evergreen,substrate,open,net,evergreen,commercial_success,La Libertad,town,
pe-chao,Chao,PE,PE-NORTH,La Libertad,-8.54,-78.68,evergreen_zero_chill,biloxi_evergreen,substrate,open,net,evergreen,commercial_success,Virú valley,town,
pe-viru,Virú,PE,PE-NORTH,La Libertad,-8.42,-78.75,evergreen_zero_chill,ventura,substrate,open,net,evergreen,commercial_caution,Heat 2023/24,town,
pe-huacho,Huacho,PE,PE-CENTRAL,Lima,-11.11,-77.61,evergreen_zero_chill,biloxi_evergreen,substrate,open,net,evergreen,commercial_success,Huaura,town,
pe-barranca,Barranca,PE,PE-CENTRAL,Lima,-10.75,-77.76,evergreen_zero_chill,biloxi_evergreen,substrate,open,net,evergreen,commercial_success,Lima north,town,
pe-huaura,Huaura,PE,PE-CENTRAL,Lima,-11.07,-77.6,evergreen_zero_chill,biloxi_evergreen,substrate,open,net,evergreen,commercial_success,Huaura,town,
pe-huaral,Huaral,PE,PE-CENTRAL,Lima,-11.5,-77.21,evergreen_zero_chill,biloxi_evergreen,substrate,open,net,evergreen,commercial_success,Lima,town,
pe-canete,Cañete,PE,PE-CENTRAL,Lima,-13.08,-76.39,evergreen_zero_chill,biloxi_evergreen,substrate,open,net,evergreen,commercial_success,Lima south,town,
pe-chincha,Chincha,PE,PE-SOUTH,Ica,-13.42,-76.13,evergreen_zero_chill,biloxi_evergreen,substrate,open,net,evergreen,commercial_success,Ica,town,
pe-pisco,Pisco,PE,PE-SOUTH,Ica,-13.71,-76.2,evergreen_zero_chill,biloxi_evergreen,substrate,open,net,evergreen,commercial_success,Ica,town,
pe-ica,Ica,PE,PE-SOUTH,Ica,-14.07,-75.73,evergreen_zero_chill,biloxi_evergreen,substrate,open,net,evergreen,commercial_success,Ica desert irrigation,town,
pe-ica-ventura,Ica Ventura,PE,PE-SOUTH,Ica,-14.1,-75.7,evergreen_zero_chill,ventura,substrate,open,net,evergreen,known_failure,2023/24 heat flowering failure,town,
pe-olmos-deciduous,Olmos deciduous Duke,PE,PE-NORTH,Lambayeque,-5.98,-79.78,nhb,duke,substrate,open,net,deciduous,known_failure,NHB chill cannot complete on the Peru coast,town,
pe-lambayeque,Lambayeque,PE,PE-NORTH,Lambayeque,-6.7,-79.91,evergreen_zero_chill,biloxi_evergreen,substrate,open,net,evergreen,commercial_success,Lambayeque,town,
pe-chepen,Chepén,PE,PE-NORTH,La Libertad,-7.23,-79.45,evergreen_zero_chill,biloxi_evergreen,substrate,open,net,evergreen,commercial_success,La Libertad,town,
mx-zapopan,Zapotlán / Ciudad Guzmán,MX,MX-JAL,Jalisco,19.7,-103.46,low_chill_shb,biloxi,open_soil,open,net,deciduous,commercial_success,Jalisco highland belt,town,
mx-sayula,Sayula,MX,MX-JAL,Jalisco,19.88,-103.6,low_chill_shb,biloxi,substrate,open,net,deciduous,commercial_success,Jalisco,town,
mx-tapalpa,Tapalpa,MX,MX-JAL,Jalisco,19.94,-103.76,low_chill_shb,emerald,open_soil,open,net,deciduous,commercial_success,Jalisco cool highland,town,
mx-autlan,Autlán,MX,MX-JAL,Jalisco,19.77,-104.37,evergreen_zero_chill,biloxi_evergreen,substrate,open,net,evergreen,commercial_success,Jalisco,town,
mx-ciudad-guzman,Ciudad Guzmán east,MX,MX-JAL,Jalisco,19.72,-103.46,low_chill_shb,jewel,open_soil,open,none,deciduous,commercial_success,Jalisco,town,
mx-encarnacion,Encarnación de Díaz,MX,MX-JAL,Jalisco,21.53,-102.24,high_chill_shb,star,open_soil,open,none,deciduous,commercial_caution,"Los Altos, frost",town,
mx-culiacan,Culiacán,MX,MX-SIN,Sinaloa,24.81,-107.39,evergreen_zero_chill,biloxi_evergreen,substrate,open,net,evergreen,commercial_success,Sinaloa,town,
mx-los-mochis,Los Mochis,MX,MX-SIN,Sinaloa,25.79,-108.99,evergreen_zero_chill,biloxi_evergreen,substrate,open,net,evergreen,commercial_success,Sinaloa,town,
mx-guasave,Guasave,MX,MX-SIN,Sinaloa,25.57,-108.47,evergreen_zero_chill,biloxi_evergreen,substrate,open,net,evergreen,commercial_success,Sinaloa,town,
mx-ensenada,Ensenada,MX,MX-BCN,Baja California,31.87,-116.6,low_chill_shb,biloxi,open_soil,open,net,deciduous,commercial_success,Baja coast,town,
mx-san-quintin,San Quintín,MX,MX-BCN,Baja California,30.56,-115.94,low_chill_shb,emerald,substrate,open,net,deciduous,commercial_success,Baja,town,
mx-vicente-guerrero,Vicente Guerrero,MX,MX-BCN,Baja California,30.73,-115.99,evergreen_zero_chill,biloxi_evergreen,substrate,open,net,evergreen,commercial_success,San Quintín valley,town,
mx-colima,Colima hinterland,MX,MX-COL,Colima,19.24,-103.72,low_chill_shb,biloxi,open_soil,open,net,deciduous,commercial_success,Colima,town,
mx-uruapan,Uruapan,MX,MX-MIC,Michoacán,19.41,-102.05,low_chill_shb,biloxi,open_soil,open,net,deciduous,commercial_caution,"Avocado country, blueberry trials",town,
mx-zamora,Zamora,MX,MX-MIC,Michoacán,20.0,-102.28,low_chill_shb,emerald,open_soil,open,none,deciduous,commercial_caution,Michoacán,town,
es-moguer,Moguer,ES,ES-HUELVA,Andalucía,37.28,-6.84,low_chill_shb,biloxi,substrate,tunnel,ldpe,deciduous,commercial_success,"Huelva core, MAPA",town,
es-lucena,Lucena del Puerto,ES,ES-HUELVA,Andalucía,37.3,-6.73,low_chill_shb,emerald,substrate,tunnel,ldpe,deciduous,commercial_success,Huelva,town,
es-palos,Palos de la Frontera,ES,ES-HUELVA,Andalucía,37.23,-6.89,evergreen_zero_chill,biloxi_evergreen,substrate,tunnel,ldpe,evergreen,commercial_success,Huelva,town,
es-almonte,Almonte,ES,ES-HUELVA,Andalucía,37.26,-6.52,low_chill_shb,jewel,substrate,tunnel,woven,deciduous,commercial_success,Huelva,town,
es-bonares,Bonares,ES,ES-HUELVA,Andalucía,37.24,-6.68,low_chill_shb,biloxi,substrate,tunnel,ldpe,deciduous,commercial_success,Huelva,town,
es-rociana,Rociana del Condado,ES,ES-HUELVA,Andalucía,37.31,-6.6,low_chill_shb,emerald,substrate,tunnel,ldpe,deciduous,commercial_success,Huelva,town,
es-niebla,Niebla,ES,ES-HUELVA,Andalucía,37.36,-6.68,low_chill_shb,star,substrate,tunnel,none,deciduous,commercial_caution,Huelva inland,town,
es-cartaya,Cartaya,ES,ES-HUELVA,Andalucía,37.21,-7.15,low_chill_shb,biloxi,substrate,tunnel,ldpe,deciduous,commercial_success,Huelva west,town,
es-lepe,Lepe,ES,ES-HUELVA,Andalucía,37.25,-7.2,evergreen_zero_chill,biloxi_evergreen,substrate,tunnel,ldpe,evergreen,commercial_success,Huelva,town,
es-gibraleon,Gibraleón,ES,ES-HUELVA,Andalucía,37.38,-6.97,low_chill_shb,emerald,substrate,tunnel,ldpe,deciduous,commercial_success,Huelva,town,
es-bollullos,Bollullos Par del Condado,ES,ES-HUELVA,Andalucía,37.34,-6.54,low_chill_shb,jewel,substrate,tunnel,woven,deciduous,commercial_success,Huelva,town,
es-villablanca,Villablanca,ES,ES-HUELVA,Andalucía,37.3,-7.34,low_chill_shb,biloxi,substrate,tunnel,ldpe,deciduous,commercial_success,Huelva/Portugal edge,town,
es-aljaraque,Aljaraque,ES,ES-HUELVA,Andalucía,37.27,-7.02,low_chill_shb,emerald,substrate,tunnel,ldpe,deciduous,commercial_success,Huelva,town,
es-huelva-city,Huelva hinterland,ES,ES-HUELVA,Andalucía,37.26,-6.95,low_chill_shb,biloxi,substrate,tunnel,ldpe,deciduous,commercial_success,Huelva,town,
ma-larache,Larache,MA,MA-NORTH,Tanger-Tétouan-Al Hoceima,35.19,-6.16,low_chill_shb,biloxi,substrate,tunnel,ldpe,deciduous,commercial_success,Loukkos,town,
ma-ksar,Ksar El Kebir,MA,MA-NORTH,Tanger-Tétouan-Al Hoceima,35.0,-5.9,low_chill_shb,emerald,substrate,tunnel,ldpe,deciduous,commercial_success,Loukkos,town,
ma-moulay,Moulay Bousselham,MA,MA-NORTH,Rabat-Salé-Kénitra,34.88,-6.29,evergreen_zero_chill,biloxi_evergreen,substrate,tunnel,ldpe,evergreen,commercial_success,Gharb coast,town,
ma-kenitra,Kénitra hinterland,MA,MA-NORTH,Rabat-Salé-Kénitra,34.26,-6.58,low_chill_shb,biloxi,substrate,tunnel,ldpe,deciduous,commercial_success,Gharb,town,
ma-sidi-slimane,Sidi Slimane,MA,MA-NORTH,Rabat-Salé-Kénitra,34.26,-5.92,low_chill_shb,jewel,substrate,tunnel,ldpe,deciduous,commercial_success,Gharb,town,
ma-sidi-yahya,Sidi Yahya El Gharb,MA,MA-NORTH,Rabat-Salé-Kénitra,34.31,-6.3,low_chill_shb,emerald,substrate,open,net,deciduous,commercial_success,Gharb,town,
ma-souk-el-arba,Souk El Arbaa,MA,MA-NORTH,Rabat-Salé-Kénitra,34.69,-5.99,low_chill_shb,biloxi,substrate,tunnel,ldpe,deciduous,commercial_success,Gharb,town,
ma-agadir,Agadir hinterland,MA,MA-SOUTH,Souss-Massa,30.43,-9.6,evergreen_zero_chill,biloxi_evergreen,substrate,open,net,evergreen,commercial_success,Souss,town,
ma-taroudant,Taroudant,MA,MA-SOUTH,Souss-Massa,30.47,-8.88,evergreen_zero_chill,biloxi_evergreen,substrate,open,net,evergreen,commercial_success,Souss,town,
ma-ouled-teima,Ouled Teima,MA,MA-SOUTH,Souss-Massa,30.39,-9.21,evergreen_zero_chill,biloxi_evergreen,substrate,tunnel,ldpe,evergreen,commercial_success,Souss,town,
ma-biougra,Biougra,MA,MA-SOUTH,Souss-Massa,30.21,-9.37,low_chill_shb,biloxi,substrate,tunnel,ldpe,deciduous,commercial_success,Chtouka,town,
ma-larache-wind,Larache wind-exposed tunnel,MA,MA-NORTH,Tanger-Tétouan-Al Hoceima,35.22,-6.2,low_chill_shb,biloxi,substrate,tunnel,ldpe,deciduous,commercial_caution,Atlantic wind. Tunnels fail near 110 km/h.,town,
au-coffs,Coffs Harbour,AU,AU-NSW,New South Wales,-30.3,153.12,low_chill_shb,biloxi,open_soil,open,net,deciduous,commercial_success,NSW north coast,town,
au-woolgoolga,Woolgoolga,AU,AU-NSW,New South Wales,-30.11,153.2,low_chill_shb,emerald,open_soil,open,net,deciduous,commercial_success,NSW,town,
au-bundaberg,Bundaberg,AU,AU-QLD,Queensland,-24.87,152.35,evergreen_zero_chill,biloxi_evergreen,substrate,open,net,evergreen,commercial_success,QLD,town,
au-sunshine,Sunshine Coast hinterland,AU,AU-QLD,Queensland,-26.65,152.96,low_chill_shb,biloxi,open_soil,open,net,deciduous,commercial_success,QLD,town,
au-nambour,Nambour,AU,AU-QLD,Queensland,-26.63,152.96,low_chill_shb,jewel,open_soil,open,none,deciduous,commercial_success,QLD,town,
au-devonport,Devonport,AU,AU-TAS,Tasmania,-41.18,146.35,nhb,duke,open_soil,open,net,deciduous,commercial_success,Tas NHB,town,
au-huonville,Huonville,AU,AU-TAS,Tasmania,-43.03,147.05,nhb,draper,open_soil,open,net,deciduous,commercial_success,Huon,town,
au-grove,Grove,AU,AU-TAS,Tasmania,-42.98,147.1,nhb,bluecrop,open_soil,open,none,deciduous,commercial_success,Huon TIA,town,
au-spreyton,Spreyton,AU,AU-TAS,Tasmania,-41.22,146.35,nhb,elliott,open_soil,open,net,deciduous,commercial_success,North Tas,town,
au-mornington,Mornington Peninsula,AU,AU-VIC,Victoria,-38.22,145.04,nhb,duke,open_soil,open,net,deciduous,commercial_success,VIC,town,
au-gippsland,West Gippsland,AU,AU-VIC,Victoria,-38.2,145.9,nhb,bluecrop,open_soil,open,net,deciduous,commercial_success,VIC,town,
au-manjimup,Manjimup,AU,AU-WA,Western Australia,-34.24,116.15,nhb,duke,open_soil,open,net,deciduous,commercial_success,WA south,town,
au-pemberton,Pemberton,AU,AU-WA,Western Australia,-34.44,116.03,nhb,draper,open_soil,open,net,deciduous,commercial_success,WA,town,
au-albany,Albany WA,AU,AU-WA,Western Australia,-35.03,117.88,nhb,bluecrop,open_soil,open,none,deciduous,commercial_success,WA south coast,town,
nz-pukekohe,Pukekohe,NZ,NZ-NORTH,Auckland,-37.2,174.9,nhb,duke,open_soil,open,none,deciduous,commercial_success,Landcare blueberry map region,town,
nz-hamilton,Hamilton hinterland,NZ,NZ-NORTH,Waikato,-37.79,175.28,nhb,bluecrop,open_soil,open,none,deciduous,commercial_success,Waikato,town,
nz-tauranga,Tauranga hinterland,NZ,NZ-NORTH,Bay of Plenty,-37.69,176.17,nhb,draper,open_soil,open,net,deciduous,commercial_success,BOP,town,
nz-te-puke,Te Puke,NZ,NZ-NORTH,Bay of Plenty,-37.78,176.33,nhb,duke,open_soil,open,net,deciduous,commercial_success,BOP,town,
nz-hastings,Hastings,NZ,NZ-NORTH,Hawke's Bay,-39.64,176.84,nhb,elliott,open_soil,open,none,deciduous,commercial_success,Hawke's Bay,town,
nz-hastings-shb,Hastings SHB trial,NZ,NZ-NORTH,Hawke's Bay,-39.66,176.82,low_chill_shb,emerald,open_soil,open,none,deciduous,commercial_caution,Landcare one-curve chill is the bar to beat,town,
nz-nelson,Nelson,NZ,NZ-SOUTH,Nelson,-41.27,173.28,nhb,duke,open_soil,open,none,deciduous,commercial_success,Nelson,town,
nz-motueka,Motueka,NZ,NZ-SOUTH,Tasman,-41.12,173.01,nhb,draper,open_soil,open,net,deciduous,commercial_success,Tasman,town,
nz-blenheim,Blenheim,NZ,NZ-SOUTH,Marlborough,-41.51,173.95,nhb,bluecrop,open_soil,open,none,deciduous,commercial_success,Marlborough,town,
nz-rangiora,Rangiora,NZ,NZ-SOUTH,Canterbury,-43.3,172.59,nhb,aurora,open_soil,open,none,deciduous,commercial_success,Canterbury,town,
nz-lincoln,Lincoln,NZ,NZ-SOUTH,Canterbury,-43.64,172.49,nhb,duke,open_soil,open,none,deciduous,commercial_success,Landcare / Plant & Food,town,
nz-richmond,Richmond,NZ,NZ-SOUTH,Tasman,-41.34,173.18,nhb,elliott,open_soil,open,none,deciduous,commercial_success,Tasman,town,
in-delhi,Delhi NCR,IN,IN-IGP,Delhi,28.61,77.21,low_chill_shb,biloxi,open_soil,open,none,deciduous,known_failure,Smith 2023 IGP fog,town,Temperature-and-chill model greens this. Winter DLI crash and wet flowers do not.
in-lucknow,Lucknow,IN,IN-IGP,Uttar Pradesh,26.85,80.95,low_chill_shb,emerald,open_soil,open,none,deciduous,known_failure,"Smith 2023, 39 fog events/yr",town,
in-patna,Patna,IN,IN-IGP,Bihar,25.61,85.14,low_chill_shb,snowchaser,open_soil,open,none,deciduous,known_failure,"Smith 2023, 45 fog events/yr",town,
in-kanpur,Kanpur,IN,IN-IGP,Uttar Pradesh,26.45,80.33,evergreen_zero_chill,biloxi_evergreen,open_soil,open,none,evergreen,known_failure,Bharali 2024 winter SW already cut about 19%,town,
ke-nairobi,Nairobi highland trial,KE,AF-EA,Nairobi,-1.29,36.82,low_chill_shb,biloxi,open_soil,open,none,deciduous,commercial_caution,Hemp 2024 mountain climate warning,town,WorldClim/CHELSA fail tropical mountains. Hypothesis only.
tz-moshi,Moshi / Kilimanjaro slope,TZ,AF-EA,Kilimanjaro,-3.35,37.33,low_chill_shb,emerald,open_soil,open,none,deciduous,commercial_caution,Hemp 2024 MAP mismatch,town,
us-ia-ames,Ames corn belt,US,US-MW,Iowa,42.03,-93.62,nhb,duke,open_soil,open,none,deciduous,horticultural_absence,"US NASS: hort land, not blueberry",town,
us-ks-manhattan,Manhattan KS,US,US-MW,Kansas,39.18,-96.57,nhb,bluecrop,open_soil,open,none,deciduous,horticultural_absence,"Wheat/hort, not blueberry",town,
us-il-urbana,Urbana,US,US-MW,Illinois,40.11,-88.21,nhb,duke,open_soil,open,none,deciduous,horticultural_absence,Corn belt hort,town,
us-ca-salinas,Salinas strawberry fog,US,US-CA,California,36.68,-121.66,low_chill_shb,biloxi,open_soil,open,none,deciduous,commercial_caution,Baguskas 2021 marine fog is not IGP fog,town,
us-ca-watsonville,Watsonville,US,US-CA,California,36.91,-121.76,low_chill_shb,emerald,open_soil,open,none,deciduous,commercial_caution,Limited CA blueberry vs berries,town,
fr-bordeaux,Bordeaux hinterland,FR,EU-ATL,Nouvelle-Aquitaine,44.84,-0.58,nhb,duke,open_soil,open,none,deciduous,horticultural_absence,"Wine hort, not blueberry belt",town,
it-verona,Verona,IT,EU-MED,Veneto,45.44,10.99,nhb,bluecrop,open_soil,open,none,deciduous,horticultural_absence,"Fruit hort, sparse blueberry",town,
cn-fuzhou,Fuzhou,CN,CN-SE,Fujian,26.07,119.3,low_chill_shb,biloxi,open_soil,open,none,deciduous,commercial_caution,"Fujian expert-weight GIS is a baseline, not truth",town,
cn-guiyang,Guiyang,CN,CN-SW,Guizhou,26.65,106.63,high_chill_shb,legacy,open_soil,open,none,deciduous,commercial_caution,Guizhou CatBoost local presence,town,
uk-kent,Kent,GB,EU-ATL,England,51.28,0.52,nhb,duke,open_soil,open,none,deciduous,commercial_caution,"UK field blueberry, not Matrix-GS",town,
uk-ford,Ford / Arundel glasshouse,GB,EU-ATL,England,50.82,-0.58,evergreen_zero_chill,biloxi_evergreen,substrate,greenhouse,none,evergreen,commercial_caution,EBC Matrix-GS neighbour,town,"Energy and grid, not outdoor climate. 26 ha expansion blocked to 2037."
za-stellenbosch,Stellenbosch,ZA,AF-SA,Western Cape,-33.93,18.86,low_chill_shb,emerald,open_soil,open,net,deciduous,commercial_caution,"Cape hort, emerging blueberry",town,
ar-tucuman,Tucumán,AR,AR-NW,Tucumán,-26.82,-65.22,low_chill_shb,biloxi,open_soil,open,net,deciduous,commercial_caution,Argentine NW trials,town,
uy-montevideo,Canelones,UY,UY-S,Canelones,-34.72,-56.22,nhb,duke,open_soil,open,none,deciduous,commercial_caution,Uruguay hort,town,
pt-odemira,Odemira,PT,PT-ALEN,Alentejo,37.6,-8.64,low_chill_shb,biloxi,substrate,tunnel,ldpe,deciduous,commercial_success,Alentejo berries next to Huelva,town,
pt-alcacer,Alcácer do Sal,PT,PT-ALEN,Alentejo,38.37,-8.51,low_chill_shb,emerald,substrate,tunnel,ldpe,deciduous,commercial_success,Alentejo,town,
us-nj-hammonton,Hammonton,US,US-NE,New Jersey,39.64,-74.8,nhb,duke,open_soil,open,none,deciduous,commercial_success,"Historic US blueberry, Atlantic County",town,
us-nj-vineland,Vineland,US,US-NE,New Jersey,39.49,-75.03,nhb,bluecrop,open_soil,open,none,deciduous,commercial_success,Cumberland,town,
us-me-ellsworth,Ellsworth,US,US-NE,Maine,44.54,-68.42,nhb,aurora,open_soil,open,none,deciduous,commercial_success,Wild + cultivated mix. Cultivated NHB only.,town,
us-ny-hudson,Hudson Valley,US,US-NE,New York,42.25,-73.79,nhb,duke,open_soil,open,none,deciduous,commercial_success,NY hort,town,
us-in-huntsville,Southwest Michigan analog IN,US,US-MW,Indiana,41.68,-86.25,nhb,bluecrop,open_soil,open,none,deciduous,commercial_caution,Near Niles MI,town,
cl-santiago,Santiago basin,CL,CL-CENTRAL,Metropolitana,-33.45,-70.67,high_chill_shb,legacy,open_soil,open,none,deciduous,known_failure,Too hot and dry for Legacy open field vs Osorno,town,
pe-cusco,Cusco highland,PE,PE-ANDES,Cusco,-13.53,-71.97,high_chill_shb,legacy,open_soil,open,none,deciduous,commercial_caution,Andes. Hemp-class mountain data gap.,town,
us-tx-nacogdoches,Nacogdoches,US,US-SE,Texas,31.6,-94.66,rabbiteye,brightwell,open_soil,open,none,deciduous,commercial_success,East Texas rabbiteye,town,
us-la-hammond,Hammond,US,US-SE,Louisiana,30.5,-90.46,rabbiteye,climax,open_soil,open,none,deciduous,commercial_success,Tangipahoa,town,
us-ga-athens,Athens GA,US,US-SE,Georgia,33.95,-83.38,rabbiteye,tifblue,open_soil,open,none,deciduous,commercial_caution,"Piedmont, later and frostier than Alma",town,
kr-hadong,Hadong,KR,KR-S,South Gyeongsang,35.07,127.75,nhb,duke,open_soil,open,none,deciduous,commercial_caution,Korea highland trials,town,
jp-iwate,Iwate,JP,JP-N,Iwate,39.7,141.15,nhb,bluecrop,open_soil,open,none,deciduous,commercial_caution,Tohoku hort,town,
th-chiang-mai,Chiang Mai,TH,SEA,Chiang Mai,18.79,98.99,evergreen_zero_chill,biloxi_evergreen,substrate,open,net,evergreen,known_failure,"Low latitude, no winter DLI structure of Peru coast",town,
eg-behira,Beheira,EG,AF-N,Beheira,31.03,30.47,low_chill_shb,biloxi,substrate,tunnel,ldpe,deciduous,commercial_caution,"Nile Delta hort, fog/wet risk",town,
tr-mersin,Mersin,TR,TR-S,Mersin,36.8,34.63,low_chill_shb,emerald,open_soil,tunnel,ldpe,deciduous,commercial_caution,East Med berry trials,town,
gr-katerini,Katerini,GR,EU-MED,Central Macedonia,40.27,22.5,nhb,duke,open_soil,open,none,deciduous,horticultural_absence,"Peach/kiwi hort, not blueberry",town,
pl-lublin,Lublin,PL,EU-CONT,Lublin,51.25,22.57,nhb,duke,open_soil,open,none,deciduous,commercial_caution,"Polish highbush, continental winter",town,
de-hannover,Hannover hinterland,DE,EU-CONT,Lower Saxony,52.37,9.73,nhb,bluecrop,open_soil,open,none,deciduous,commercial_caution,German highbush,town,
nl-venlo,Venlo,NL,EU-ATL,Limburg,51.37,6.17,nhb,duke,substrate,greenhouse,none,deciduous,commercial_caution,"CEA, energy cost is the fingerprint",town,
us-or-hood-river,Hood River,US,US-PNW,Oregon,45.71,-121.52,nhb,draper,open_soil,open,none,deciduous,commercial_caution,Gorge wind and continental nights,town,
us-wa-yakima,Yakima,US,US-PNW,Washington,46.6,-120.51,nhb,duke,open_soil,open,none,deciduous,commercial_caution,East of Cascades. Not Whatcom.,town,
us-id-nampa,Nampa,US,US-IW,Idaho,43.54,-116.56,nhb,bluecrop,open_soil,open,none,deciduous,horticultural_absence,"Treasure Valley hort, not blueberry",town,
mx-mexico-city,Mexico City basin,MX,MX-CDMX,Ciudad de México,19.43,-99.13,low_chill_shb,biloxi,open_soil,open,none,deciduous,horticultural_absence,"Urban highland, not Jalisco belt",town,
br-vacaria,Vacaria,BR,BR-S,Rio Grande do Sul,-28.51,-50.94,nhb,duke,open_soil,open,net,deciduous,commercial_success,Brazilian highland blueberry,town,
br-sao-joaquim,São Joaquim,BR,BR-S,Santa Catarina,-28.29,-49.93,nhb,bluecrop,open_soil,open,net,deciduous,commercial_success,Santa Catarina highland,town,
co-bogota,Bogotá savanna,CO,CO-ANDES,Cundinamarca,4.71,-74.07,evergreen_zero_chill,biloxi_evergreen,substrate,open,net,evergreen,commercial_caution,Equatorial highland. No analogue without gauges.,town,
ec-ambato,Ambato,EC,EC-ANDES,Tungurahua,-1.24,-78.63,evergreen_zero_chill,biloxi_evergreen,substrate,open,net,evergreen,commercial_caution,Andes data-trust flag,town,
us-fl-miami,Miami-Dade,US,US-SE,Florida,25.76,-80.19,high_chill_shb,star,pine_bark,open,none,deciduous,known_failure,"No chill, no Star. Evergreen only further south.",town,
us-mi-marquette,Marquette,US,US-MI,Michigan,46.54,-87.4,nhb,aurora,open_soil,open,none,deciduous,known_failure,"UP winter too hard, season too short",town,
